epoch,steps,cosine_pearson,cosine_spearman,euclidean_pearson,euclidean_spearman,manhattan_pearson,manhattan_spearman,dot_pearson,dot_spearman
-1,-1,0.9732836679710081,0.8586036161130274,0.9308944330011465,0.8573589098400306,0.9318754199505601,0.8574138887967176,0.8403917020619789,0.8460145877771937
-1,-1,0.9622927175045665,0.8506066931138054,0.9189718107687219,0.8475946383865179,0.9202016317826694,0.8475040619028149,0.82997806829593,0.834942363842453
-1,-1,0.9660189142945516,0.8516183834806113,0.9369278100923921,0.8506312441123357,0.9368697399597032,0.8506573423460111,0.8610086773915907,0.8375928702541745
-1,-1,0.9625058291997401,0.850443962686787,0.9114758280681484,0.8461776572951217,0.9126278022022902,0.846202220338581,0.8201256214484588,0.8339521664142919
