epoch,steps,cossim_accuracy,cossim_accuracy_threshold,cossim_f1,cossim_precision,cossim_recall,cossim_f1_threshold,cossim_ap,manhattan_accuracy,manhattan_accuracy_threshold,manhattan_f1,manhattan_precision,manhattan_recall,manhattan_f1_threshold,manhattan_ap,euclidean_accuracy,euclidean_accuracy_threshold,euclidean_f1,euclidean_precision,euclidean_recall,euclidean_f1_threshold,euclidean_ap,dot_accuracy,dot_accuracy_threshold,dot_f1,dot_precision,dot_recall,dot_f1_threshold,dot_ap
-1,-1,0.986384374108925,0.6217167377471924,0.9864548613573506,0.980405976881872,0.9925788497217068,0.6217167377471924,0.9882374428310017,0.9806102081551183,12.986363410949707,0.9806982685211468,0.9752999294283698,0.9861567004424148,13.741415977478027,0.9884963017040767,0.9809666381522669,0.7181288599967957,0.980967994867774,0.9799202506408431,0.9820179820179821,0.7181288599967957,0.9884621534743414,0.9693470202452238,0.21384239196777344,0.9699384787472036,0.9506646567082363,0.99000999000999,0.21177951991558075,0.9788649819994719
