Type,Macro Precision (P),Macro Recall (R),Residual Macro Recall (R+),Macro F1,Micro Precision (P),Micro Recall (R),Residual Micro Recall (R+),Micro F1,"# of TP","# of Residual TP","# of FP","# of FN","# of Correspondences",Total Runtime,Total Runtime(HH:MM:SS)
dbmcv2 0.5 NOreasoner label,0.2535719342204753,0.5429542850509843,0.5429542850509842,0.3456960108095378,0.31556975505857293,0.624304736221136,0.624304736221136,0.41922978976259867,7408,7408,16067,4458,23483,5565827777488,01:32:45
dbmcv2 0.5 NOreasoner pattern en-fr-es,0.2768304100929035,0.476685453887881,0.47668545388788064,0.3502541512210793,0.40216665810956514,0.6601213551323108,0.6601213551323108,0.49982452222186774,7833,7833,11644,4033,19480,6369966931286,01:46:09
dbmcv2 0.5 reasoner patter en,0.27693864850613403,0.47771101599179877,0.4777110159917987,0.3506173774907266,0.4023879671266863,0.656076184055284,0.656076184055284,0.4988306154486912,7785,7785,11562,4081,19351,7347247905662,02:02:27
dbmcv2 0.5 reasoner pattern en-fr-es,0.27696815251320844,0.4795876328696926,0.4795876328696924,0.35114529083106455,0.40126179729175215,0.6592786111579302,0.6592786111579302,0.4988839997449142,7823,7823,11673,4043,19497,6924265126490,01:55:24
dbmcv2 0.5 reasoner sequence,0.25437558792085474,0.41852363148349964,0.41852363148349975,0.316428349884626,0.36669224129663375,0.6444463172088319,0.6444463172088319,0.46742053789731053,7647,7647,13207,4219,20857,6494177103880,01:48:14
finetuned_10-90 0.5 NOreasoner label,0.353459959362084,0.572199545603823,0.572199545603823,0.4369849324748829,0.4811456830826293,0.5903421540535985,0.5903421540535985,0.5301797540208136,7005,7005,7554,4861,14563,1825841940381,00:30:25
finetuned_50-50 0.5 NOreasoner label,0.30895627108315593,0.6074664539417913,0.6074664539417907,0.4095938812797433,0.40887070728819036,0.640148322939491,0.640148322939491,0.4990145841545132,7596,7596,10982,4270,18579,1799542108334,00:29:59
